SalePrice,
,
1.0,SalePrice
0.7909816005838047,OverallQual
0.7086244776126511,GrLivArea
0.640409197258349,GarageCars
0.6234314389183598,GarageArea 
0.6135805515591944,TotalBsmtSF   
0.6058521846919166,1stFlrSF        
0.5606637627484452,FullBath         
0.5337231555820238,TotRmsAbvGrd  
0.5228973328794967,YearBuilt        
0.5071009671113867,YearRemodAdd   
0.48636167748786213,GarageYrBlt   
0.47261449900457725,MasVnrArea   
0.4669288367515242,Fireplaces    
0.38641980624215627,BsmtFinSF1     
0.33490085154055077,LotFrontage    
0.32441344456813076,WoodDeckSF     
0.31933380283206614,2ndFlrSF         
0.31585622711605577,OpenPorchSF  
0.2841076755947784,HalfBath  
0.2638433538714063,LotArea       
0.2513281638401573,CentralAir       
0.22712223313149718,BsmtFullBath     
0.214479105546969,BsmtUnfSF     
0.1682131543007415,BedroomAbvGr   
0.11144657114291048,ScreenPorch      
0.09240354949187278,PoolArea        
0.04643224522381936,MoSold           
0.04458366533574792,3SsnPorch     
0.04103553550004989,Street           
-0.011378121450215216,BsmtFinSF2      
-0.016844154297359294,BsmtHalfBath   
-0.02118957964030379,MiscVal        
-0.02560613000068015,LowQualFinSF    
-0.028922585168730426,YrSold          
-0.0778558940486776,OverallCond     
-0.12857795792595636,EnclosedPorch  
-0.1359073708421417,KitchenAbvGr
